Workbook

Sheet Raw sheet
A1: assessment_id | B1: month | C1: course_id | D1: batch | E1: score | F1: attendance_pct | H1: Total recoeds | I1: Duplicate | J1: After Dupli Total Recode
A2: 1 | B2: Jan | C2: C1 | D2: Morning | E2: 72 | F2: 90 | H2: =COUNT(A2:A14) -> 13 | I2: 1 | J2: =H2-I2 -> 12
A3: 2 | B3: Jan | C3: C2 | D3: Evening | E3: 45 | F3: 70
A4: 3 | B4: Jan | C4: C3 | D4: Morning | E4: 65 | F4: 85
A5: 4 | B5: Jan | C5: C4 | D5: Weekend | E5: 38 | F5: 60
A6: 5 | B6: Feb | C6: C1 | D6: Evening | E6: 80 | F6: 95
A7: 6 | B7: Feb | C7: C2 | D7: Weekend | E7: 55 | F7: 80
A8: 7 | B8: Feb | C8: C3 | D8: Morning | E8: 48 | F8: 75
A9: 8 | B9: Feb | C9: C4 | D9: Evening | E9: 68 | F9: 88
A10: 9 | B10: Mar | C10: C1 | D10: Weekend | E10: 90 | F10: 98
A11: 10 | B11: Mar | C11: C2 | D11: Morning | E11: 60 | F11: 82
A12: 11 | B12: Mar | C12: C3 | D12: Evening | E12: 75 | F12: 92
A13: 12 | B13: Mar | C13: C4 | D13: Weekend | E13: 42 | F13: 65
A14: 12 | B14: Mar | C14: C4 | D14: Weekend | E14: 42 | F14: 65

Sheet Lookup  Sheet
A1: course_id | B1: course | C1: department
A2: C1 | B2: Excel | C2: Business
A3: C2 | B3: PowerBI | C3: Business
A4: C3 | B4: SQL | C4: Technology
A5: C4 | B5: Python | C5: Technology

Sheet Clean  Sheet
A1: assessment_id | B1: month | C1: course_id | D1: batch | E1: score | F1: attendance_pct | G1: department | H1: Pass_flag | J1: Before recodes | K1: =COUNT('Raw sheet'!A2:A14) -> 13
A2: 1 | B2: Jan | C2: C1 | D2: Morning | E2: 72 | F2: 90 | G2: =_xlfn.XLOOKUP(C2,'Lookup Sheet'!$A$2:$A$5,'Lookup Sheet'!$C$2:$C$5,"not Found") -> Business | H2: =IF(E2>=50,1,0) -> 1 | J2: After recodes | K2: =COUNT(A2:A13) -> 12
A3: 2 | B3: Jan | C3: C2 | D3: Evening | E3: 45 | F3: 70 | G3: =_xlfn.XLOOKUP(C3,'Lookup Sheet'!$A$2:$A$5,'Lookup Sheet'!$C$2:$C$5,"not Found") -> Business | H3: =IF(E3>=50,1,0) -> 0 | J3: Total Dupli Removed | K3: =K1-K2 -> 1
A4: 3 | B4: Jan | C4: C3 | D4: Morning | E4: 65 | F4: 85 | G4: =_xlfn.XLOOKUP(C4,'Lookup Sheet'!$A$2:$A$5,'Lookup Sheet'!$C$2:$C$5,"not Found") -> Technology | H4: =IF(E4>=50,1,0) -> 1
A5: 4 | B5: Jan | C5: C4 | D5: Weekend | E5: 38 | F5: 60 | G5: =_xlfn.XLOOKUP(C5,'Lookup Sheet'!$A$2:$A$5,'Lookup Sheet'!$C$2:$C$5,"not Found") -> Technology | H5: =IF(E5>=50,1,0) -> 0
A6: 5 | B6: Feb | C6: C1 | D6: Evening | E6: 80 | F6: 95 | G6: =_xlfn.XLOOKUP(C6,'Lookup Sheet'!$A$2:$A$5,'Lookup Sheet'!$C$2:$C$5,"not Found") -> Business | H6: =IF(E6>=50,1,0) -> 1
A7: 6 | B7: Feb | C7: C2 | D7: Weekend | E7: 55 | F7: 80 | G7: =_xlfn.XLOOKUP(C7,'Lookup Sheet'!$A$2:$A$5,'Lookup Sheet'!$C$2:$C$5,"not Found") -> Business | H7: =IF(E7>=50,1,0) -> 1
A8: 7 | B8: Feb | C8: C3 | D8: Morning | E8: 48 | F8: 75 | G8: =_xlfn.XLOOKUP(C8,'Lookup Sheet'!$A$2:$A$5,'Lookup Sheet'!$C$2:$C$5,"not Found") -> Technology | H8: =IF(E8>=50,1,0) -> 0
A9: 8 | B9: Feb | C9: C4 | D9: Evening | E9: 68 | F9: 88 | G9: =_xlfn.XLOOKUP(C9,'Lookup Sheet'!$A$2:$A$5,'Lookup Sheet'!$C$2:$C$5,"not Found") -> Technology | H9: =IF(E9>=50,1,0) -> 1
A10: 9 | B10: Mar | C10: C1 | D10: Weekend | E10: 90 | F10: 98 | G10: =_xlfn.XLOOKUP(C10,'Lookup Sheet'!$A$2:$A$5,'Lookup Sheet'!$C$2:$C$5,"not Found") -> Business | H10: =IF(E10>=50,1,0) -> 1
A11: 10 | B11: Mar | C11: C2 | D11: Morning | E11: 60 | F11: 82 | G11: =_xlfn.XLOOKUP(C11,'Lookup Sheet'!$A$2:$A$5,'Lookup Sheet'!$C$2:$C$5,"not Found") -> Business | H11: =IF(E11>=50,1,0) -> 1
A12: 11 | B12: Mar | C12: C3 | D12: Evening | E12: 75 | F12: 92 | G12: =_xlfn.XLOOKUP(C12,'Lookup Sheet'!$A$2:$A$5,'Lookup Sheet'!$C$2:$C$5,"not Found") -> Technology | H12: =IF(E12>=50,1,0) -> 1
A13: 12 | B13: Mar | C13: C4 | D13: Weekend | E13: 42 | F13: 65 | G13: =_xlfn.XLOOKUP(C13,'Lookup Sheet'!$A$2:$A$5,'Lookup Sheet'!$C$2:$C$5,"not Found") -> Technology | H13: =IF(E13>=50,1,0) -> 0

Sheet Summary sheet
A1: batch | B1: pass count | E1: Average of score | F1: Column Labels
A2: Morning | B2: =COUNTIFS('Clean Sheet'!$D$2:$D$13,'Summary sheet'!A2,'Clean Sheet'!$H$2:$H$13,1) -> 3 | E2: Row Labels | F2: Jan | G2: Feb | H2: Mar | I2: Grand Total
A3: Evening | B3: =COUNTIFS('Clean Sheet'!$D$2:$D$13,'Summary sheet'!A3,'Clean Sheet'!$H$2:$H$13,1) -> 3 | E3: Business | F3: 58.5 | G3: 67.5 | H3: 75 | I3: 67
A4: Weekend | B4: =COUNTIFS('Clean Sheet'!$D$2:$D$13,'Summary sheet'!A4,'Clean Sheet'!$H$2:$H$13,1) -> 2 | E4: Technology | F4: 51.5 | G4: 58 | H4: 58.5 | I4: 56
E5: Grand Total | F5: 55 | G5: 62.75 | H5: 66.75 | I5: 61.5
